<?xml version='1.0'?>
<ns2:test-suite xmlns:ns2='urn:model.allure.qatools.yandex.ru' start='1612856922801' stop='1612856928888'>
    <name>specs/matreshka.spec.js</name>
    <title>specs/matreshka.spec.js</title>
    <test-cases>
        <test-case start='1612856922801' status='failed' stop='1612856928787'>
            <name>Мои финансы. Вывод средств на КИВИ</name>
            <title>Мои финансы. Вывод средств на КИВИ</title>
            <labels/>
            <parameters/>
            <steps/>
            <attachments/>
            <failure>
                <message>Error: Timeout - Async callback was not invoked within the 5000 ms timeout specified by jest.setTimeout.</message>
                <stack-trace>Timeout - Async callback was not invoked within the 5000 ms timeout specified by jest.setTimeout.Error: Timeout - Async callback was not invoked within the 5000 ms timeout specified by jest.setTimeout.
                    at mapper (/Users/rufina/Desktop/matreshkaui/node_modules/jest-jasmine2/build/queueRunner.js:27:45)
                    at /Users/rufina/Desktop/matreshkaui/node_modules/jest-jasmine2/build/queueRunner.js:75:41</stack-trace>
            </failure>
        </test-case>
    </test-cases>
</ns2:test-suite>