<?xml version='1.0'?>
<ns2:test-suite xmlns:ns2='urn:model.allure.qatools.yandex.ru' start='1611683780533' stop='1611683854016'>
    <name>Покупка билета.</name>
    <title>Покупка билета.</title>
    <test-cases>
        <test-case start='1611683780533' status='failed' stop='1611683817550'>
            <name>Покупка обычного билета Кошельком Матрешки</name>
            <title>Покупка обычного билета Кошельком Матрешки</title>
            <labels/>
            <parameters/>
            <steps/>
            <attachments/>
            <failure>
                <message>Error: page.click: Target browser or context has been closed</message>
                <stack-trace>page.click: Target browser or context has been closed: 
                    at Connection.sendMessageToServer (/Users/rufina/node_modules/playwright/lib/client/connection.js:69:15)
                    at Proxy.&lt;anonymous> (/Users/rufina/node_modules/playwright/lib/client/channelOwner.js:54:53)
                    at _wrapApiCall (/Users/rufina/node_modules/playwright/lib/client/frame.js:257:40)
                    at Frame._wrapApiCall (/Users/rufina/node_modules/playwright/lib/client/channelOwner.js:80:34)
                    at Frame.click (/Users/rufina/node_modules/playwright/lib/client/frame.js:256:21)
                    at _attributeToPage (/Users/rufina/node_modules/playwright/lib/client/page.js:391:60)
                    at Page._attributeToPage (/Users/rufina/node_modules/playwright/lib/client/page.js:190:20)
                    at Page.click (/Users/rufina/node_modules/playwright/lib/client/page.js:391:21)
                    at MatreshkaMainPage.login (/Users/rufina/Desktop/matreshkamocha/framework/pages/matreshkaMainPage.js:13:16)
                    at _tickCallback (internal/process/next_tick.js:43:7)</stack-trace>
            </failure>
        </test-case>
        <test-case start='1611683817550' status='passed' stop='1611683854016'>
            <name>Покупка обычного билета Картой</name>
            <title>Покупка обычного билета Картой</title>
            <labels/>
            <parameters/>
            <steps/>
            <attachments/>
        </test-case>
    </test-cases>
</ns2:test-suite>