<?xml version='1.0'?>
<ns2:test-suite xmlns:ns2='urn:model.allure.qatools.yandex.ru' start='1613649639490' stop='1613649716348'>
    <name>Покупка билета.</name>
    <title>Покупка билета.</title>
    <test-cases>
        <test-case start='1613649639490' status='passed' stop='1613649678159'>
            <name>Покупка обычного билета Кошельком Матрешки</name>
            <title>Покупка обычного билета Кошельком Матрешки</title>
            <labels/>
            <parameters/>
            <steps/>
            <attachments/>
        </test-case>
        <test-case start='1613649678159' status='passed' stop='1613649716347'>
            <name>Покупка обычного билета Картой</name>
            <title>Покупка обычного билета Картой</title>
            <labels/>
            <parameters/>
            <steps/>
            <attachments/>
        </test-case>
    </test-cases>
</ns2:test-suite>