<?xml version='1.0'?>
<ns2:test-suite xmlns:ns2='urn:model.allure.qatools.yandex.ru' start='1612637707422' stop='1612637707439'>
    <name>specs/matreshka.spec.js</name>
    <title>specs/matreshka.spec.js</title>
    <test-cases>
        <test-case start='1612637707422' status='undefined' stop='1612637707422'>
            <name>Мои финансы. Вывод средств на КИВИ</name>
            <title>Мои финансы. Вывод средств на КИВИ</title>
            <labels/>
            <parameters/>
            <steps/>
            <attachments/>
            <failure>
                <message>This test was disabled</message>
                <stack-trace>undefined</stack-trace>
            </failure>
        </test-case>
    </test-cases>
</ns2:test-suite>