<?xml version='1.0'?>
<ns2:test-suite xmlns:ns2='urn:model.allure.qatools.yandex.ru' start='1612857010525' stop='1612857101650'>
    <name>Мои билеты</name>
    <title>Мои билеты</title>
    <test-cases>
        <test-case start='1612857010525' status='passed' stop='1612857034872'>
            <name>Авторизация пользователя</name>
            <title>Авторизация пользователя</title>
            <labels/>
            <parameters/>
            <steps/>
            <attachments/>
        </test-case>
        <test-case start='1612857034872' status='passed' stop='1612857067549'>
            <name>Мои билеты. Поиск по номеру билета</name>
            <title>Мои билеты. Поиск по номеру билета</title>
            <labels/>
            <parameters/>
            <steps/>
            <attachments/>
        </test-case>
        <test-case start='1612857067549' status='failed' stop='1612857101650'>
            <name>Мои билеты. Фильтрация по выигрышным билетам</name>
            <title>Мои билеты. Фильтрация по выигрышным билетам</title>
            <labels/>
            <parameters/>
            <steps/>
            <attachments/>
            <failure>
                <message>Expected value   undefined
                Received:
                  " № 99500760 "
                
                Message:
                  expected ' № 99500760 ' to contain '№ 89856858'
                
                Difference:
                
                  Comparing two different types of values. Expected undefined but received string.
                    at Object.&lt;anonymous> (/Users/rufina/Desktop/matreshkaui/specs/matreshka.spec.js:84:8)
                    at runMicrotasks (&lt;anonymous>)
                    at runNextTicks (internal/process/task_queues.js:58:5)
                    at processImmediate (internal/timers.js:434:9)</message>
                <stack-trace>Error: Expected value   undefined
                Received:
                  " № 99500760 "
                
                Message:
                  expected ' № 99500760 ' to contain '№ 89856858'
                
                Difference:
                
                  Comparing two different types of values. Expected undefined but received string.
                    at Object.&lt;anonymous> (/Users/rufina/Desktop/matreshkaui/specs/matreshka.spec.js:84:8)
                    at runMicrotasks (&lt;anonymous>)
                    at runNextTicks (internal/process/task_queues.js:58:5)
                    at processImmediate (internal/timers.js:434:9)
                    at Env.fail (/Users/rufina/Desktop/matreshkaui/node_modules/jest-jasmine2/build/jasmine/Env.js:722:61)
                    at Function.next.fail (/Users/rufina/Desktop/matreshkaui/node_modules/jest-jasmine2/build/queueRunner.js:40:22)
                    at /Users/rufina/Desktop/matreshkaui/node_modules/jest-jasmine2/build/jasmineAsyncInstall.js:120:18
                    at runMicrotasks (&lt;anonymous>)
                    at runNextTicks (internal/process/task_queues.js:58:5)
                    at processImmediate (internal/timers.js:434:9)</stack-trace>
            </failure>
        </test-case>
    </test-cases>
</ns2:test-suite>