<?xml version='1.0'?>
<ns2:test-suite xmlns:ns2='urn:model.allure.qatools.yandex.ru' start='1612452768434' stop='1612452768434'>
    <name>Смена/Восстановление пароля.</name>
    <title>Смена/Восстановление пароля.</title>
    <test-cases>
        <test-case start='1612452768434' status='undefined' stop='1612452768434'>
            <name>Восстановление пароля</name>
            <title>Восстановление пароля</title>
            <labels/>
            <parameters/>
            <steps/>
            <attachments/>
            <failure>
                <message>This test was disabled</message>
                <stack-trace>undefined</stack-trace>
            </failure>
        </test-case>
        <test-case start='1612452768434' status='undefined' stop='1612452768434'>
            <name>Смена пароля</name>
            <title>Смена пароля</title>
            <labels/>
            <parameters/>
            <steps/>
            <attachments/>
            <failure>
                <message>This test was disabled</message>
                <stack-trace>undefined</stack-trace>
            </failure>
        </test-case>
    </test-cases>
</ns2:test-suite>