<?xml version='1.0'?>
<ns2:test-suite xmlns:ns2='urn:model.allure.qatools.yandex.ru' start='1611683586547' stop='1611683690199'>
    <name>Моя структура.</name>
    <title>Моя структура.</title>
    <test-cases>
        <test-case start='1611683586547' status='passed' stop='1611683622477'>
            <name>Моя структура. Поиск по имени реферала</name>
            <title>Моя структура. Поиск по имени реферала</title>
            <labels/>
            <parameters/>
            <steps/>
            <attachments/>
        </test-case>
        <test-case start='1611683622477' status='passed' stop='1611683657303'>
            <name>Моя структура. Поиск по номеру телефона реферала</name>
            <title>Моя структура. Поиск по номеру телефона реферала</title>
            <labels/>
            <parameters/>
            <steps/>
            <attachments/>
        </test-case>
        <test-case start='1611683657303' status='passed' stop='1611683690199'>
            <name>Моя структура. Поиск по емейлу реферала</name>
            <title>Моя структура. Поиск по емейлу реферала</title>
            <labels/>
            <parameters/>
            <steps/>
            <attachments/>
        </test-case>
    </test-cases>
</ns2:test-suite>