<?xml version='1.0'?>
<ns2:test-suite xmlns:ns2='urn:model.allure.qatools.yandex.ru' start='1612634446608' stop='1612634446619'>
    <name>Мои билеты</name>
    <title>Мои билеты</title>
    <test-cases>
        <test-case start='1612634446609' status='failed' stop='1612634446619'>
            <name>Авторизация пользователя</name>
            <title>Авторизация пользователя</title>
            <labels/>
            <parameters/>
            <steps/>
            <attachments/>
            <failure>
                <message>ReferenceError: chromium is not defined</message>
                <stack-trace>ReferenceError: chromium is not defined
                    at run (/Users/rufina/Desktop/matreshkaui/lib/browser/browser.js:16:5)
                    at Object.&lt;anonymous> (/Users/rufina/Desktop/matreshkaui/specs/matreshka.spec.js:21:9)
                    at Object.asyncJestLifecycle (/Users/rufina/Desktop/matreshkaui/node_modules/jest-jasmine2/build/jasmineAsyncInstall.js:58:37)
                    at /Users/rufina/Desktop/matreshkaui/node_modules/jest-jasmine2/build/queueRunner.js:45:12
                    at new Promise (&lt;anonymous>)
                    at mapper (/Users/rufina/Desktop/matreshkaui/node_modules/jest-jasmine2/build/queueRunner.js:28:19)
                    at /Users/rufina/Desktop/matreshkaui/node_modules/jest-jasmine2/build/queueRunner.js:75:41
                    at processTicksAndRejections (internal/process/task_queues.js:93:5)</stack-trace>
            </failure>
        </test-case>
        <test-case start='1612634446619' status='undefined' stop='1612634446619'>
            <name>Мои билеты. Поиск по номеру билета</name>
            <title>Мои билеты. Поиск по номеру билета</title>
            <labels/>
            <parameters/>
            <steps/>
            <attachments/>
            <failure>
                <message>This test was disabled</message>
                <stack-trace>undefined</stack-trace>
            </failure>
        </test-case>
        <test-case start='1612634446619' status='undefined' stop='1612634446619'>
            <name>Мои билеты. Фильтрация по выигрышным билетам</name>
            <title>Мои билеты. Фильтрация по выигрышным билетам</title>
            <labels/>
            <parameters/>
            <steps/>
            <attachments/>
            <failure>
                <message>This test was disabled</message>
                <stack-trace>undefined</stack-trace>
            </failure>
        </test-case>
    </test-cases>
</ns2:test-suite>