<?xml version='1.0'?>
<ns2:test-suite xmlns:ns2='urn:model.allure.qatools.yandex.ru' start='1611683497844' stop='1611683586538'>
    <name>Мои билеты</name>
    <title>Мои билеты</title>
    <test-cases>
        <test-case start='1611683497845' status='passed' stop='1611683522006'>
            <name>Авторизация пользователя</name>
            <title>Авторизация пользователя</title>
            <labels/>
            <parameters/>
            <steps/>
            <attachments/>
        </test-case>
        <test-case start='1611683522006' status='passed' stop='1611683554032'>
            <name>Мои билеты. Поиск по номеру билета</name>
            <title>Мои билеты. Поиск по номеру билета</title>
            <labels/>
            <parameters/>
            <steps/>
            <attachments/>
        </test-case>
        <test-case start='1611683554032' status='passed' stop='1611683586538'>
            <name>Мои билеты. Фильтрация по выигрышным билетам</name>
            <title>Мои билеты. Фильтрация по выигрышным билетам</title>
            <labels/>
            <parameters/>
            <steps/>
            <attachments/>
        </test-case>
    </test-cases>
</ns2:test-suite>