<?xml version='1.0'?>
<ns2:test-suite xmlns:ns2='urn:model.allure.qatools.yandex.ru' start='1613650763809' stop='1613650788282'>
    <name>Моя структура.</name>
    <title>Моя структура.</title>
    <test-cases>
        <test-case start='1613650763809' status='undefined' stop='1613650763809'>
            <name>Моя структура. Поиск по имени реферала</name>
            <title>Моя структура. Поиск по имени реферала</title>
            <labels/>
            <parameters/>
            <steps/>
            <attachments/>
            <failure>
                <message>This test was disabled</message>
                <stack-trace>undefined</stack-trace>
            </failure>
        </test-case>
        <test-case start='1613650763809' status='undefined' stop='1613650763809'>
            <name>Моя структура. Поиск по номеру телефона реферала</name>
            <title>Моя структура. Поиск по номеру телефона реферала</title>
            <labels/>
            <parameters/>
            <steps/>
            <attachments/>
            <failure>
                <message>This test was disabled</message>
                <stack-trace>undefined</stack-trace>
            </failure>
        </test-case>
        <test-case start='1613650763809' status='failed' stop='1613650788282'>
            <name>Моя структура. Поиск по емейлу реферала</name>
            <title>Моя структура. Поиск по емейлу реферала</title>
            <labels/>
            <parameters/>
            <steps/>
            <attachments/>
            <failure>
                <message>Expected value   undefined
                Received:
                  " jjchgbfd@mail.ru "
                
                Message:
                  expected ' jjchgbfd@mail.ru ' to contain 'jhytdxc@mail.ru'
                
                Difference:
                
                  Comparing two different types of values. Expected undefined but received string.
                    at Object.&lt;anonymous> (/Users/rufina/Desktop/matreshkaui/specs/matreshka.spec.js:162:8)</message>
                <stack-trace>Error: Expected value   undefined
                Received:
                  " jjchgbfd@mail.ru "
                
                Message:
                  expected ' jjchgbfd@mail.ru ' to contain 'jhytdxc@mail.ru'
                
                Difference:
                
                  Comparing two different types of values. Expected undefined but received string.
                    at Object.&lt;anonymous> (/Users/rufina/Desktop/matreshkaui/specs/matreshka.spec.js:162:8)
                    at Env.fail (/Users/rufina/Desktop/matreshkaui/node_modules/jest-jasmine2/build/jasmine/Env.js:722:61)
                    at Function.next.fail (/Users/rufina/Desktop/matreshkaui/node_modules/jest-jasmine2/build/queueRunner.js:40:22)
                    at /Users/rufina/Desktop/matreshkaui/node_modules/jest-jasmine2/build/jasmineAsyncInstall.js:120:18</stack-trace>
            </failure>
        </test-case>
    </test-cases>
</ns2:test-suite>