<?xml version='1.0'?>
<ns2:test-suite xmlns:ns2='urn:model.allure.qatools.yandex.ru' start='1612857286958' stop='1612857359397'>
    <name>Покупка билета.</name>
    <title>Покупка билета.</title>
    <test-cases>
        <test-case start='1612857286960' status='failed' stop='1612857323632'>
            <name>Покупка обычного билета Кошельком Матрешки</name>
            <title>Покупка обычного билета Кошельком Матрешки</title>
            <labels/>
            <parameters/>
            <steps/>
            <attachments/>
            <failure>
                <message>Error: page.click: Target page, context or browser has been closed</message>
                <stack-trace>page.click: Target page, context or browser has been closed: 
                    at Connection.sendMessageToServer (/Users/rufina/Desktop/matreshkaui/node_modules/playwright/lib/client/connection.js:69:15)
                    at Proxy.&lt;anonymous> (/Users/rufina/Desktop/matreshkaui/node_modules/playwright/lib/client/channelOwner.js:44:61)
                    at /Users/rufina/Desktop/matreshkaui/node_modules/playwright/lib/client/frame.js:257:40
                    at Frame._wrapApiCall (/Users/rufina/Desktop/matreshkaui/node_modules/playwright/lib/client/channelOwner.js:72:34)
                    at Frame.click (/Users/rufina/Desktop/matreshkaui/node_modules/playwright/lib/client/frame.js:256:21)
                    at /Users/rufina/Desktop/matreshkaui/node_modules/playwright/lib/client/page.js:406:60
                    at Page._attributeToPage (/Users/rufina/Desktop/matreshkaui/node_modules/playwright/lib/client/page.js:205:20)
                    at Page.click (/Users/rufina/Desktop/matreshkaui/node_modules/playwright/lib/client/page.js:406:21)
                    at MatreshkaMainPage.login (/Users/rufina/Desktop/matreshkaui/framework/pages/matreshkaMainPage.js:13:16)
                    at Object.&lt;anonymous> (/Users/rufina/Desktop/matreshkaui/specs/matreshka.spec.js:197:5)</stack-trace>
            </failure>
        </test-case>
        <test-case start='1612857323632' status='passed' stop='1612857359396'>
            <name>Покупка обычного билета Картой</name>
            <title>Покупка обычного билета Картой</title>
            <labels/>
            <parameters/>
            <steps/>
            <attachments/>
        </test-case>
    </test-cases>
</ns2:test-suite>