<?xml version='1.0'?>
<ns2:test-suite xmlns:ns2='urn:model.allure.qatools.yandex.ru' start='1612370124159' stop='1612370175509'>
    <name>specs/matreshka.spec.js</name>
    <title>specs/matreshka.spec.js</title>
    <test-cases>
        <test-case start='1612370124159' status='passed' stop='1612370175462'>
            <name>Мои финансы. Вывод средств на КИВИ</name>
            <title>Мои финансы. Вывод средств на КИВИ</title>
            <labels/>
            <parameters/>
            <steps/>
            <attachments/>
        </test-case>
    </test-cases>
</ns2:test-suite>