<?xml version='1.0'?>
<ns2:test-suite xmlns:ns2='urn:model.allure.qatools.yandex.ru' start='1612369952275' stop='1612370047154'>
    <name>Смена/Восстановление пароля.</name>
    <title>Смена/Восстановление пароля.</title>
    <test-cases>
        <test-case start='1612369952275' status='passed' stop='1612369983443'>
            <name>Восстановление пароля</name>
            <title>Восстановление пароля</title>
            <labels/>
            <parameters/>
            <steps/>
            <attachments/>
        </test-case>
        <test-case start='1612369983443' status='failed' stop='1612370047154'>
            <name>Смена пароля</name>
            <title>Смена пароля</title>
            <labels/>
            <parameters/>
            <steps/>
            <attachments/>
            <failure>
                <message>: Timeout - Async callback was not invoked within the 50000 ms timeout specified by jest.setTimeout.</message>
                <stack-trace>Timeout - Async callback was not invoked within the 50000 ms timeout specified by jest.setTimeout.Error: 
                    at new Spec (/Users/rufina/Desktop/matreshkaui/node_modules/jest-jasmine2/build/jasmine/Spec.js:116:22)
                    at new Spec (/Users/rufina/Desktop/matreshkaui/node_modules/jest-jasmine2/build/setup_jest_globals.js:78:9)
                    at specFactory (/Users/rufina/Desktop/matreshkaui/node_modules/jest-jasmine2/build/jasmine/Env.js:523:24)
                    at Env.it (/Users/rufina/Desktop/matreshkaui/node_modules/jest-jasmine2/build/jasmine/Env.js:592:24)
                    at Env.it (/Users/rufina/Desktop/matreshkaui/node_modules/jest-jasmine2/build/jasmineAsyncInstall.js:134:23)
                    at it (/Users/rufina/Desktop/matreshkaui/node_modules/jest-jasmine2/build/jasmine/jasmineLight.js:100:21)
                    at Suite.&lt;anonymous> (/Users/rufina/Desktop/matreshkaui/specs/matreshka.spec.js:182:5)
                    at addSpecsToSuite (/Users/rufina/Desktop/matreshkaui/node_modules/jest-jasmine2/build/jasmine/Env.js:444:51)
                    at Env.describe (/Users/rufina/Desktop/matreshkaui/node_modules/jest-jasmine2/build/jasmine/Env.js:414:11)
                    at describe (/Users/rufina/Desktop/matreshkaui/node_modules/jest-jasmine2/build/jasmine/jasmineLight.js:88:18)</stack-trace>
            </failure>
        </test-case>
    </test-cases>
</ns2:test-suite>