<?xml version='1.0'?>
<ns2:test-suite xmlns:ns2='urn:model.allure.qatools.yandex.ru' start='1612369755875' stop='1612369849274'>
    <name>Мои билеты</name>
    <title>Мои билеты</title>
    <test-cases>
        <test-case start='1612369755876' status='passed' stop='1612369782900'>
            <name>Авторизация пользователя</name>
            <title>Авторизация пользователя</title>
            <labels/>
            <parameters/>
            <steps/>
            <attachments/>
        </test-case>
        <test-case start='1612369782901' status='passed' stop='1612369815585'>
            <name>Мои билеты. Поиск по номеру билета</name>
            <title>Мои билеты. Поиск по номеру билета</title>
            <labels/>
            <parameters/>
            <steps/>
            <attachments/>
        </test-case>
        <test-case start='1612369815585' status='passed' stop='1612369849274'>
            <name>Мои билеты. Фильтрация по выигрышным билетам</name>
            <title>Мои билеты. Фильтрация по выигрышным билетам</title>
            <labels/>
            <parameters/>
            <steps/>
            <attachments/>
        </test-case>
    </test-cases>
</ns2:test-suite>