<?xml version='1.0'?>
<ns2:test-suite xmlns:ns2='urn:model.allure.qatools.yandex.ru' start='1613649576837' stop='1613649716448'>
    <name>specs/matreshka.spec.js</name>
    <title>specs/matreshka.spec.js</title>
    <test-cases>
        <test-case start='1613649576837' status='failed' stop='1613649639488'>
            <name>Смена пароля</name>
            <title>Смена пароля</title>
            <labels/>
            <parameters/>
            <steps/>
            <attachments/>
            <failure>
                <message>: Timeout - Async callback was not invoked within the 50000 ms timeout specified by jest.setTimeout.</message>
                <stack-trace>Timeout - Async callback was not invoked within the 50000 ms timeout specified by jest.setTimeout.Error: 
                    at new Spec (/Users/rufina/Desktop/matreshkaui/node_modules/jest-jasmine2/build/jasmine/Spec.js:116:22)
                    at new Spec (/Users/rufina/Desktop/matreshkaui/node_modules/jest-jasmine2/build/setup_jest_globals.js:78:9)
                    at specFactory (/Users/rufina/Desktop/matreshkaui/node_modules/jest-jasmine2/build/jasmine/Env.js:523:24)
                    at Env.it (/Users/rufina/Desktop/matreshkaui/node_modules/jest-jasmine2/build/jasmine/Env.js:592:24)
                    at Env.it (/Users/rufina/Desktop/matreshkaui/node_modules/jest-jasmine2/build/jasmineAsyncInstall.js:134:23)
                    at it (/Users/rufina/Desktop/matreshkaui/node_modules/jest-jasmine2/build/jasmine/jasmineLight.js:100:21)
                    at Object.&lt;anonymous> (/Users/rufina/Desktop/matreshkaui/specs/matreshka.spec.js:167:1)
                    at Runtime._execModule (/Users/rufina/Desktop/matreshkaui/node_modules/jest-runtime/build/index.js:1299:24)
                    at Runtime._loadModule (/Users/rufina/Desktop/matreshkaui/node_modules/jest-runtime/build/index.js:898:12)
                    at Runtime.requireModule (/Users/rufina/Desktop/matreshkaui/node_modules/jest-runtime/build/index.js:746:10)</stack-trace>
            </failure>
        </test-case>
    </test-cases>
</ns2:test-suite>