<?xml version='1.0'?>
<ns2:test-suite xmlns:ns2='urn:model.allure.qatools.yandex.ru' start='1612856855626' stop='1612856876314'>
    <name>Мои билеты</name>
    <title>Мои билеты</title>
    <test-cases>
        <test-case start='1612856855626' status='failed' stop='1612856862326'>
            <name>Авторизация пользователя</name>
            <title>Авторизация пользователя</title>
            <labels/>
            <parameters/>
            <steps/>
            <attachments/>
            <failure>
                <message>Error: Timeout - Async callback was not invoked within the 5000 ms timeout specified by jest.setTimeout.</message>
                <stack-trace>Timeout - Async callback was not invoked within the 5000 ms timeout specified by jest.setTimeout.Error: Timeout - Async callback was not invoked within the 5000 ms timeout specified by jest.setTimeout.
                    at mapper (/Users/rufina/Desktop/matreshkaui/node_modules/jest-jasmine2/build/queueRunner.js:27:45)
                    at /Users/rufina/Desktop/matreshkaui/node_modules/jest-jasmine2/build/queueRunner.js:75:41
                    at processTicksAndRejections (internal/process/task_queues.js:93:5)</stack-trace>
            </failure>
        </test-case>
        <test-case start='1612856862326' status='failed' stop='1612856869064'>
            <name>Мои билеты. Поиск по номеру билета</name>
            <title>Мои билеты. Поиск по номеру билета</title>
            <labels/>
            <parameters/>
            <steps/>
            <attachments/>
            <failure>
                <message>Error: Timeout - Async callback was not invoked within the 5000 ms timeout specified by jest.setTimeout.</message>
                <stack-trace>Timeout - Async callback was not invoked within the 5000 ms timeout specified by jest.setTimeout.Error: Timeout - Async callback was not invoked within the 5000 ms timeout specified by jest.setTimeout.
                    at mapper (/Users/rufina/Desktop/matreshkaui/node_modules/jest-jasmine2/build/queueRunner.js:27:45)
                    at /Users/rufina/Desktop/matreshkaui/node_modules/jest-jasmine2/build/queueRunner.js:75:41</stack-trace>
            </failure>
        </test-case>
        <test-case start='1612856869064' status='failed' stop='1612856876314'>
            <name>Мои билеты. Фильтрация по выигрышным билетам</name>
            <title>Мои билеты. Фильтрация по выигрышным билетам</title>
            <labels/>
            <parameters/>
            <steps/>
            <attachments/>
            <failure>
                <message>Error: Timeout - Async callback was not invoked within the 5000 ms timeout specified by jest.setTimeout.</message>
                <stack-trace>Timeout - Async callback was not invoked within the 5000 ms timeout specified by jest.setTimeout.Error: Timeout - Async callback was not invoked within the 5000 ms timeout specified by jest.setTimeout.
                    at mapper (/Users/rufina/Desktop/matreshkaui/node_modules/jest-jasmine2/build/queueRunner.js:27:45)
                    at /Users/rufina/Desktop/matreshkaui/node_modules/jest-jasmine2/build/queueRunner.js:75:41</stack-trace>
            </failure>
        </test-case>
    </test-cases>
</ns2:test-suite>