<?xml version='1.0'?>
<ns2:test-suite xmlns:ns2='urn:model.allure.qatools.yandex.ru' start='1612451233003' stop='1612451270970'>
    <name>Мои билеты</name>
    <title>Мои билеты</title>
    <test-cases>
        <test-case start='1612451233003' status='failed' stop='1612451270970'>
            <name>Авторизация пользователя</name>
            <title>Авторизация пользователя</title>
            <labels/>
            <parameters/>
            <steps/>
            <attachments/>
            <failure>
                <message>TimeoutError: page.fill: Timeout 30000ms exceeded.
                =========================== logs ===========================
                waiting for selector "#login-input"
                ============================================================
                Note: use DEBUG=pw:api environment variable and rerun to capture Playwright logs.</message>
                <stack-trace>page.fill: Timeout 30000ms exceeded.
                =========================== logs ===========================
                waiting for selector "#login-input"
                ============================================================
                Note: use DEBUG=pw:api environment variable and rerun to capture Playwright logs.: 
                    at Connection.sendMessageToServer (/Users/rufina/node_modules/playwright/lib/client/connection.js:69:15)
                    at Proxy.&lt;anonymous> (/Users/rufina/node_modules/playwright/lib/client/channelOwner.js:54:53)
                    at /Users/rufina/node_modules/playwright/lib/client/frame.js:267:40
                    at Frame._wrapApiCall (/Users/rufina/node_modules/playwright/lib/client/channelOwner.js:80:34)
                    at Frame.fill (/Users/rufina/node_modules/playwright/lib/client/frame.js:266:21)
                    at /Users/rufina/node_modules/playwright/lib/client/page.js:397:60
                    at Page._attributeToPage (/Users/rufina/node_modules/playwright/lib/client/page.js:190:20)
                    at Page.fill (/Users/rufina/node_modules/playwright/lib/client/page.js:397:21)
                    at MatreshkaMainPage.login (/Users/rufina/Desktop/matreshkaui/framework/pages/matreshkaMainPage.js:11:16)
                    at Object.&lt;anonymous> (/Users/rufina/Desktop/matreshkaui/specs/matreshka.spec.js:36:46)</stack-trace>
            </failure>
        </test-case>
        <test-case start='1612451270970' status='undefined' stop='1612451270970'>
            <name>Мои билеты. Поиск по номеру билета</name>
            <title>Мои билеты. Поиск по номеру билета</title>
            <labels/>
            <parameters/>
            <steps/>
            <attachments/>
            <failure>
                <message>This test was disabled</message>
                <stack-trace>undefined</stack-trace>
            </failure>
        </test-case>
        <test-case start='1612451270970' status='undefined' stop='1612451270970'>
            <name>Мои билеты. Фильтрация по выигрышным билетам</name>
            <title>Мои билеты. Фильтрация по выигрышным билетам</title>
            <labels/>
            <parameters/>
            <steps/>
            <attachments/>
            <failure>
                <message>This test was disabled</message>
                <stack-trace>undefined</stack-trace>
            </failure>
        </test-case>
    </test-cases>
</ns2:test-suite>