<?xml version='1.0'?>
<ns2:test-suite xmlns:ns2='urn:model.allure.qatools.yandex.ru' start='1613649373283' stop='1613649471080'>
    <name>Мои билеты</name>
    <title>Мои билеты</title>
    <test-cases>
        <test-case start='1613649373283' status='passed' stop='1613649401823'>
            <name>Авторизация пользователя</name>
            <title>Авторизация пользователя</title>
            <labels/>
            <parameters/>
            <steps/>
            <attachments/>
        </test-case>
        <test-case start='1613649401823' status='passed' stop='1613649436440'>
            <name>Мои билеты. Поиск по номеру билета</name>
            <title>Мои билеты. Поиск по номеру билета</title>
            <labels/>
            <parameters/>
            <steps/>
            <attachments/>
        </test-case>
        <test-case start='1613649436440' status='passed' stop='1613649471079'>
            <name>Мои билеты. Фильтрация по выигрышным билетам</name>
            <title>Мои билеты. Фильтрация по выигрышным билетам</title>
            <labels/>
            <parameters/>
            <steps/>
            <attachments/>
        </test-case>
    </test-cases>
</ns2:test-suite>