<?xml version='1.0'?>
<ns2:test-suite xmlns:ns2='urn:model.allure.qatools.yandex.ru' start='1612370047156' stop='1612370124157'>
    <name>Покупка билета.</name>
    <title>Покупка билета.</title>
    <test-cases>
        <test-case start='1612370047156' status='failed' stop='1612370086108'>
            <name>Покупка обычного билета Кошельком Матрешки</name>
            <title>Покупка обычного билета Кошельком Матрешки</title>
            <labels/>
            <parameters/>
            <steps/>
            <attachments/>
            <failure>
                <message>Error: page.fill: Target browser or context has been closed</message>
                <stack-trace>page.fill: Target browser or context has been closed: 
                    at Connection.sendMessageToServer (/Users/rufina/node_modules/playwright/lib/client/connection.js:69:15)
                    at Proxy.&lt;anonymous> (/Users/rufina/node_modules/playwright/lib/client/channelOwner.js:54:53)
                    at /Users/rufina/node_modules/playwright/lib/client/frame.js:267:40
                    at Frame._wrapApiCall (/Users/rufina/node_modules/playwright/lib/client/channelOwner.js:80:34)
                    at Frame.fill (/Users/rufina/node_modules/playwright/lib/client/frame.js:266:21)
                    at /Users/rufina/node_modules/playwright/lib/client/page.js:397:60
                    at Page._attributeToPage (/Users/rufina/node_modules/playwright/lib/client/page.js:190:20)
                    at Page.fill (/Users/rufina/node_modules/playwright/lib/client/page.js:397:21)
                    at MatreshkaMainPage.login (/Users/rufina/Desktop/matreshkaui/framework/pages/matreshkaMainPage.js:12:16)
                    at Object.&lt;anonymous> (/Users/rufina/Desktop/matreshkaui/specs/matreshka.spec.js:194:9)</stack-trace>
            </failure>
        </test-case>
        <test-case start='1612370086108' status='passed' stop='1612370124157'>
            <name>Покупка обычного билета Картой</name>
            <title>Покупка обычного билета Картой</title>
            <labels/>
            <parameters/>
            <steps/>
            <attachments/>
        </test-case>
    </test-cases>
</ns2:test-suite>