<?xml version='1.0'?>
<ns2:test-suite xmlns:ns2='urn:model.allure.qatools.yandex.ru' start='1612857101658' stop='1612857198297'>
    <name>Моя структура.</name>
    <title>Моя структура.</title>
    <test-cases>
        <test-case start='1612857101660' status='passed' stop='1612857133884'>
            <name>Моя структура. Поиск по имени реферала</name>
            <title>Моя структура. Поиск по имени реферала</title>
            <labels/>
            <parameters/>
            <steps/>
            <attachments/>
        </test-case>
        <test-case start='1612857133884' status='passed' stop='1612857166001'>
            <name>Моя структура. Поиск по номеру телефона реферала</name>
            <title>Моя структура. Поиск по номеру телефона реферала</title>
            <labels/>
            <parameters/>
            <steps/>
            <attachments/>
        </test-case>
        <test-case start='1612857166001' status='failed' stop='1612857198296'>
            <name>Моя структура. Поиск по емейлу реферала</name>
            <title>Моя структура. Поиск по емейлу реферала</title>
            <labels/>
            <parameters/>
            <steps/>
            <attachments/>
            <failure>
                <message>Expected value   undefined
                Received:
                  " jjchgbfd@mail.ru "
                
                Message:
                  expected ' jjchgbfd@mail.ru ' to contain 'jhytdxc@mail.ru'
                
                Difference:
                
                  Comparing two different types of values. Expected undefined but received string.
                    at Object.&lt;anonymous> (/Users/rufina/Desktop/matreshkaui/specs/matreshka.spec.js:161:8)
                    at runMicrotasks (&lt;anonymous>)
                    at runNextTicks (internal/process/task_queues.js:58:5)
                    at processImmediate (internal/timers.js:434:9)</message>
                <stack-trace>Error: Expected value   undefined
                Received:
                  " jjchgbfd@mail.ru "
                
                Message:
                  expected ' jjchgbfd@mail.ru ' to contain 'jhytdxc@mail.ru'
                
                Difference:
                
                  Comparing two different types of values. Expected undefined but received string.
                    at Object.&lt;anonymous> (/Users/rufina/Desktop/matreshkaui/specs/matreshka.spec.js:161:8)
                    at runMicrotasks (&lt;anonymous>)
                    at runNextTicks (internal/process/task_queues.js:58:5)
                    at processImmediate (internal/timers.js:434:9)
                    at Env.fail (/Users/rufina/Desktop/matreshkaui/node_modules/jest-jasmine2/build/jasmine/Env.js:722:61)
                    at Function.next.fail (/Users/rufina/Desktop/matreshkaui/node_modules/jest-jasmine2/build/queueRunner.js:40:22)
                    at /Users/rufina/Desktop/matreshkaui/node_modules/jest-jasmine2/build/jasmineAsyncInstall.js:120:18
                    at runMicrotasks (&lt;anonymous>)
                    at runNextTicks (internal/process/task_queues.js:58:5)
                    at processImmediate (internal/timers.js:434:9)</stack-trace>
            </failure>
        </test-case>
    </test-cases>
</ns2:test-suite>