<?xml version='1.0'?>
<ns2:test-suite xmlns:ns2='urn:model.allure.qatools.yandex.ru' start='1613650695789' stop='1613650695793'>
    <name>specs/matreshka.spec.js</name>
    <title>specs/matreshka.spec.js</title>
    <test-cases>
        <test-case start='1613650695790' status='undefined' stop='1613650695790'>
            <name>Смена пароля</name>
            <title>Смена пароля</title>
            <labels/>
            <parameters/>
            <steps/>
            <attachments/>
            <failure>
                <message>This test was disabled</message>
                <stack-trace>undefined</stack-trace>
            </failure>
        </test-case>
    </test-cases>
</ns2:test-suite>