<?xml version='1.0'?>
<ns2:test-suite xmlns:ns2='urn:model.allure.qatools.yandex.ru' start='1612856876358' stop='1612856897260'>
    <name>Моя структура.</name>
    <title>Моя структура.</title>
    <test-cases>
        <test-case start='1612856876358' status='failed' stop='1612856882901'>
            <name>Моя структура. Поиск по имени реферала</name>
            <title>Моя структура. Поиск по имени реферала</title>
            <labels/>
            <parameters/>
            <steps/>
            <attachments/>
            <failure>
                <message>Error: Timeout - Async callback was not invoked within the 5000 ms timeout specified by jest.setTimeout.</message>
                <stack-trace>Timeout - Async callback was not invoked within the 5000 ms timeout specified by jest.setTimeout.Error: Timeout - Async callback was not invoked within the 5000 ms timeout specified by jest.setTimeout.
                    at mapper (/Users/rufina/Desktop/matreshkaui/node_modules/jest-jasmine2/build/queueRunner.js:27:45)
                    at /Users/rufina/Desktop/matreshkaui/node_modules/jest-jasmine2/build/queueRunner.js:75:41</stack-trace>
            </failure>
        </test-case>
        <test-case start='1612856882901' status='failed' stop='1612856890424'>
            <name>Моя структура. Поиск по номеру телефона реферала</name>
            <title>Моя структура. Поиск по номеру телефона реферала</title>
            <labels/>
            <parameters/>
            <steps/>
            <attachments/>
            <failure>
                <message>Error: Timeout - Async callback was not invoked within the 5000 ms timeout specified by jest.setTimeout.</message>
                <stack-trace>Timeout - Async callback was not invoked within the 5000 ms timeout specified by jest.setTimeout.Error: Timeout - Async callback was not invoked within the 5000 ms timeout specified by jest.setTimeout.
                    at mapper (/Users/rufina/Desktop/matreshkaui/node_modules/jest-jasmine2/build/queueRunner.js:27:45)
                    at /Users/rufina/Desktop/matreshkaui/node_modules/jest-jasmine2/build/queueRunner.js:75:41</stack-trace>
            </failure>
        </test-case>
        <test-case start='1612856890424' status='failed' stop='1612856897260'>
            <name>Моя структура. Поиск по емейлу реферала</name>
            <title>Моя структура. Поиск по емейлу реферала</title>
            <labels/>
            <parameters/>
            <steps/>
            <attachments/>
            <failure>
                <message>Error: Timeout - Async callback was not invoked within the 5000 ms timeout specified by jest.setTimeout.</message>
                <stack-trace>Timeout - Async callback was not invoked within the 5000 ms timeout specified by jest.setTimeout.Error: Timeout - Async callback was not invoked within the 5000 ms timeout specified by jest.setTimeout.
                    at mapper (/Users/rufina/Desktop/matreshkaui/node_modules/jest-jasmine2/build/queueRunner.js:27:45)
                    at /Users/rufina/Desktop/matreshkaui/node_modules/jest-jasmine2/build/queueRunner.js:75:41</stack-trace>
            </failure>
        </test-case>
    </test-cases>
</ns2:test-suite>